p_time,e_time_30,e_time_90,e_time_180
7,0.000000,0.000000,0.000000
14,0.000000,0.000000,0.000000
30,0.000000,0.000000,0.000000
