p_time,e_time_90,e_time_180,e_time_365
30,0.000000,0.000000,0.000000
60,0.000000,0.000000,0.000000
90,0.000000,0.000000,0.000000
