p_time,e_time_90,e_time_180,e_time_365
30,0.042327,0.042282,0.042282
60,0.207482,0.176809,0.185312
90,-1.000000,0.111111,0.111111
